path,oldUrl,targetUrl,oldStatus,targetStatus,finalUrl,classification,title,canonical,contentType,redirectChain,notes
/,https://www.nexubis.io/,https://nexubis.vercel.app/,200,200,https://nexubis.vercel.app/,SAME_PATH_200,Nexubis | Your in-house creative team,,text/html; charset=utf-8,,
/about,https://www.nexubis.io/about,https://nexubis.vercel.app/about,200,200,https://nexubis.vercel.app/about,SAME_PATH_200,About Nexubis,https://www.nexubis.io/about,text/html; charset=utf-8,,
/blog,https://www.nexubis.io/blog,https://nexubis.vercel.app/blog,200,200,https://nexubis.vercel.app/blog,SAME_PATH_200,Nexubis - Dreamlab Blog,https://www.nexubis.io/blog,text/html; charset=utf-8,,
/contact,https://www.nexubis.io/contact,https://nexubis.vercel.app/contact,200,200,https://nexubis.vercel.app/contact,SAME_PATH_200,Nexubis - Contact Us,https://www.nexubis.io/contact,text/html; charset=utf-8,,
/packages,https://www.nexubis.io/packages,https://nexubis.vercel.app/packages,200,200,https://nexubis.vercel.app/packages,SAME_PATH_200,Nexubis - Packages,,text/html; charset=utf-8,,
/post/10-better-or-dont-bother,https://www.nexubis.io/post/10-better-or-dont-bother,https://nexubis.vercel.app/post/10-better-or-dont-bother,200,200,https://nexubis.vercel.app/post/10-better-or-dont-bother,SAME_PATH_200,Redesigning with Purpose: How We Turned Confusion Into Conversion (While Competitors Stayed Comfortable),https://www.nexubis.io/post/10-better-or-dont-bother,text/html; charset=utf-8,,
/post/2025-in-retrospect,https://www.nexubis.io/post/2025-in-retrospect,https://nexubis.vercel.app/post/2025-in-retrospect,200,200,https://nexubis.vercel.app/post/2025-in-retrospect,SAME_PATH_200,2025 in Retrospect: The Hard Lessons of Building a Scalable Creative Company,https://www.nexubis.io/post/2025-in-retrospect,text/html; charset=utf-8,,
/post/ai-is-not-a-phase-its-an-era,https://www.nexubis.io/post/ai-is-not-a-phase-its-an-era,https://nexubis.vercel.app/post/ai-is-not-a-phase-its-an-era,200,200,https://nexubis.vercel.app/post/ai-is-not-a-phase-its-an-era,SAME_PATH_200,The Webflow Exit: Building High-Performance Sites with AI & Sanity (2026),https://www.nexubis.io/post/ai-is-not-a-phase-its-an-era,text/html; charset=utf-8,,
/post/ai-isnt-coming-its-already-here,https://www.nexubis.io/post/ai-isnt-coming-its-already-here,https://nexubis.vercel.app/post/ai-isnt-coming-its-already-here,200,200,https://nexubis.vercel.app/post/ai-isnt-coming-its-already-here,SAME_PATH_200,AI is Here: Why You Need to Adapt or Risk Being Left Behind,https://www.nexubis.io/post/ai-isnt-coming-its-already-here,text/html; charset=utf-8,,
/post/altify-empowering-nexubis,https://www.nexubis.io/post/altify-empowering-nexubis,https://nexubis.vercel.app/post/altify-empowering-nexubis,200,200,https://nexubis.vercel.app/post/altify-empowering-nexubis,SAME_PATH_200,Altify: Empowering Nexubis,https://www.nexubis.io/post/altify-empowering-nexubis,text/html; charset=utf-8,,
/post/automation-is-not-the-enemy,https://www.nexubis.io/post/automation-is-not-the-enemy,https://nexubis.vercel.app/post/automation-is-not-the-enemy,200,200,https://nexubis.vercel.app/post/automation-is-not-the-enemy,SAME_PATH_200,AI Is Rebuilding the Creative Stack — Faster Than You Think,https://www.nexubis.io/post/automation-is-not-the-enemy,text/html; charset=utf-8,,
/post/beyond-the-eu30-000,https://www.nexubis.io/post/beyond-the-eu30-000,https://nexubis.vercel.app/post/beyond-the-eu30-000,200,200,https://nexubis.vercel.app/post/beyond-the-eu30-000,SAME_PATH_200,"Design Subscription vs Hourly: How Oxipack Saved €14,975 & Scaled Output",https://www.nexubis.io/post/beyond-the-eu30-000,text/html; charset=utf-8,,
/post/building-a-leadership-team,https://www.nexubis.io/post/building-a-leadership-team,https://nexubis.vercel.app/post/building-a-leadership-team,200,200,https://nexubis.vercel.app/post/building-a-leadership-team,SAME_PATH_200,How to Build a Startup Leadership Team Without Wasting Millions,https://www.nexubis.io/post/building-a-leadership-team,text/html; charset=utf-8,,
/post/building-fast-vs-building-right,https://www.nexubis.io/post/building-fast-vs-building-right,https://nexubis.vercel.app/post/building-fast-vs-building-right,200,200,https://nexubis.vercel.app/post/building-fast-vs-building-right,SAME_PATH_200,Why Most Startups Fail Before Series A (And What to Do Instead),https://www.nexubis.io/post/building-fast-vs-building-right,text/html; charset=utf-8,,
/post/circuit-securing-nexubis,https://www.nexubis.io/post/circuit-securing-nexubis,https://nexubis.vercel.app/post/circuit-securing-nexubis,200,200,https://nexubis.vercel.app/post/circuit-securing-nexubis,SAME_PATH_200,Circuit: Securing Nexubis,https://www.nexubis.io/post/circuit-securing-nexubis,text/html; charset=utf-8,,
/post/dick-proves-the-agency-stereotype,https://www.nexubis.io/post/dick-proves-the-agency-stereotype,https://nexubis.vercel.app/post/dick-proves-the-agency-stereotype,200,200,https://nexubis.vercel.app/post/dick-proves-the-agency-stereotype,SAME_PATH_200,"The Agency Stereotype, Explained: Why Nexubis Is Different",https://www.nexubis.io/post/dick-proves-the-agency-stereotype,text/html; charset=utf-8,,
/post/do-something-useful,https://www.nexubis.io/post/do-something-useful,https://nexubis.vercel.app/post/do-something-useful,200,200,https://nexubis.vercel.app/post/do-something-useful,SAME_PATH_200,Stop Complaining. Start Building: How Real Leaders Drive Change,https://www.nexubis.io/post/do-something-useful,text/html; charset=utf-8,,
/post/dont-be-an-idiot-sandwich,https://www.nexubis.io/post/dont-be-an-idiot-sandwich,https://nexubis.vercel.app/post/dont-be-an-idiot-sandwich,200,200,https://nexubis.vercel.app/post/dont-be-an-idiot-sandwich,SAME_PATH_200,"Before You Build a Unicorn, Fix the Donkey: Why Most Startups Fail to Scale",https://www.nexubis.io/post/dont-be-an-idiot-sandwich,text/html; charset=utf-8,,
/post/dont-turn-into-a-robot,https://www.nexubis.io/post/dont-turn-into-a-robot,https://nexubis.vercel.app/post/dont-turn-into-a-robot,200,200,https://nexubis.vercel.app/post/dont-turn-into-a-robot,SAME_PATH_200,The Leadership Mistake That’s Quietly Killing Startup Cultures,https://www.nexubis.io/post/dont-turn-into-a-robot,text/html; charset=utf-8,,
/post/dragonborn,https://www.nexubis.io/post/dragonborn,https://nexubis.vercel.app/post/dragonborn,200,200,https://nexubis.vercel.app/post/dragonborn,SAME_PATH_200,From Fantasy to Founder: How Childhood Obsession Became a Creative Business,https://www.nexubis.io/post/dragonborn,text/html; charset=utf-8,,
/post/eat-the-rich,https://www.nexubis.io/post/eat-the-rich,https://nexubis.vercel.app/post/eat-the-rich,200,200,https://nexubis.vercel.app/post/eat-the-rich,SAME_PATH_200,Why Founders Deserve More Credit Than They Get — And What Most Critics Miss,https://www.nexubis.io/post/eat-the-rich,text/html; charset=utf-8,,
/post/empowering-clients,https://www.nexubis.io/post/empowering-clients,https://nexubis.vercel.app/post/empowering-clients,200,200,https://nexubis.vercel.app/post/empowering-clients,SAME_PATH_200,How to Find the Right Agency Partner to Scale Your Business,https://www.nexubis.io/post/empowering-clients,text/html; charset=utf-8,,
/post/empowering-communities,https://www.nexubis.io/post/empowering-communities,https://nexubis.vercel.app/post/empowering-communities,200,200,https://nexubis.vercel.app/post/empowering-communities,SAME_PATH_200,How We’re Fixing Internships (And Why Most Are a Lie),https://www.nexubis.io/post/empowering-communities,text/html; charset=utf-8,,
/post/empowering-founders,https://www.nexubis.io/post/empowering-founders,https://nexubis.vercel.app/post/empowering-founders,200,200,https://nexubis.vercel.app/post/empowering-founders,SAME_PATH_200,Startup Success Blueprint: How We Scaled Nexubis from Idea to Growth Powerhouse,https://www.nexubis.io/post/empowering-founders,text/html; charset=utf-8,,
/post/empowering-teams,https://www.nexubis.io/post/empowering-teams,https://nexubis.vercel.app/post/empowering-teams,200,200,https://nexubis.vercel.app/post/empowering-teams,SAME_PATH_200,"How Nexubis Empowers Teams to Question, Improve, and Innovate Daily",https://www.nexubis.io/post/empowering-teams,text/html; charset=utf-8,,
/post/empowering-women-with-project-flamingo,https://www.nexubis.io/post/empowering-women-with-project-flamingo,https://nexubis.vercel.app/post/empowering-women-with-project-flamingo,200,200,https://nexubis.vercel.app/post/empowering-women-with-project-flamingo,SAME_PATH_200,"Founders, Impact & Project Flamingo: Nexubis on Women’s Day",https://www.nexubis.io/post/empowering-women-with-project-flamingo,text/html; charset=utf-8,,
/post/fire-faster-promote-faster,https://www.nexubis.io/post/fire-faster-promote-faster,https://nexubis.vercel.app/post/fire-faster-promote-faster,200,200,https://nexubis.vercel.app/post/fire-faster-promote-faster,SAME_PATH_200,Build a Winning Team: Promote the Right People. Fire the Wrong Ones. Fast.,https://www.nexubis.io/post/fire-faster-promote-faster,text/html; charset=utf-8,,
/post/for-professionals-by-professionals,https://www.nexubis.io/post/for-professionals-by-professionals,https://nexubis.vercel.app/post/for-professionals-by-professionals,200,200,https://nexubis.vercel.app/post/for-professionals-by-professionals,SAME_PATH_200,Creative Survival Kit: Real-World Career Advice for Freelancers & Pros,https://www.nexubis.io/post/for-professionals-by-professionals,text/html; charset=utf-8,,
/post/fresh-out-of-college-now-what,https://www.nexubis.io/post/fresh-out-of-college-now-what,https://nexubis.vercel.app/post/fresh-out-of-college-now-what,200,200,https://nexubis.vercel.app/post/fresh-out-of-college-now-what,SAME_PATH_200,Your Starter Pack for Landing a Creative Job (Without Cringing at Your CV),https://www.nexubis.io/post/fresh-out-of-college-now-what,text/html; charset=utf-8,,
/post/goals-vs-movement,https://www.nexubis.io/post/goals-vs-movement,https://nexubis.vercel.app/post/goals-vs-movement,200,200,https://nexubis.vercel.app/post/goals-vs-movement,SAME_PATH_200,Goals vs Movement: Why Progress Matters More Than Perfect Planning in 2025,https://www.nexubis.io/post/goals-vs-movement,text/html; charset=utf-8,,
/post/how-it-all-started-and-almost-didnt,https://www.nexubis.io/post/how-it-all-started-and-almost-didnt,https://nexubis.vercel.app/post/how-it-all-started-and-almost-didnt,200,200,https://nexubis.vercel.app/post/how-it-all-started-and-almost-didnt,SAME_PATH_200,The Nexubis Origin Story: From White-Label Hustle to Agency Growth,https://www.nexubis.io/post/how-it-all-started-and-almost-didnt,text/html; charset=utf-8,,
/post/how-to-not-suck-at-job-applications,https://www.nexubis.io/post/how-to-not-suck-at-job-applications,https://nexubis.vercel.app/post/how-to-not-suck-at-job-applications,200,200,https://nexubis.vercel.app/post/how-to-not-suck-at-job-applications,SAME_PATH_200,How to Not Suck at Job Applications (According to Hiring Managers),https://www.nexubis.io/post/how-to-not-suck-at-job-applications,text/html; charset=utf-8,,
/post/how-we-landed-on-empowering-dreams,https://www.nexubis.io/post/how-we-landed-on-empowering-dreams,https://nexubis.vercel.app/post/how-we-landed-on-empowering-dreams,200,200,https://nexubis.vercel.app/post/how-we-landed-on-empowering-dreams,SAME_PATH_200,"The Story Behind Our Slogan: Why Nexubis Chose ""Empowering Dreams""",https://www.nexubis.io/post/how-we-landed-on-empowering-dreams,text/html; charset=utf-8,,
/post/how-we-work,https://www.nexubis.io/post/how-we-work,https://nexubis.vercel.app/post/how-we-work,200,200,https://nexubis.vercel.app/post/how-we-work,SAME_PATH_200,Inside Nexubis: Our Creative Agency Culture & Values,https://www.nexubis.io/post/how-we-work,text/html; charset=utf-8,,
/post/if-it-aint-broke-refine-it,https://www.nexubis.io/post/if-it-aint-broke-refine-it,https://nexubis.vercel.app/post/if-it-aint-broke-refine-it,200,200,https://nexubis.vercel.app/post/if-it-aint-broke-refine-it,SAME_PATH_200,"Why “If It Ain’t Broke, Don’t Fix It” Will Kill Your Business",https://www.nexubis.io/post/if-it-aint-broke-refine-it,text/html; charset=utf-8,,
/post/impact-builds-network,https://www.nexubis.io/post/impact-builds-network,https://nexubis.vercel.app/post/impact-builds-network,200,200,https://nexubis.vercel.app/post/impact-builds-network,SAME_PATH_200,How Making an Impact at Work Builds a Powerful Network,https://www.nexubis.io/post/impact-builds-network,text/html; charset=utf-8,,
/post/just-do-it,https://www.nexubis.io/post/just-do-it,https://nexubis.vercel.app/post/just-do-it,200,200,https://nexubis.vercel.app/post/just-do-it,SAME_PATH_200,"Just Do It: Why Discomfort, Mistakes & Action Beat Fear Every Time",https://www.nexubis.io/post/just-do-it,text/html; charset=utf-8,,
/post/just-start-the-damn-thing,https://www.nexubis.io/post/just-start-the-damn-thing,https://nexubis.vercel.app/post/just-start-the-damn-thing,200,200,https://nexubis.vercel.app/post/just-start-the-damn-thing,SAME_PATH_200,Founders: Stop Stalling and Start Moving With This Simple 10-Minute Trick,https://www.nexubis.io/post/just-start-the-damn-thing,text/html; charset=utf-8,,
/post/keep-firing-yourself,https://www.nexubis.io/post/keep-firing-yourself,https://nexubis.vercel.app/post/keep-firing-yourself,200,200,https://nexubis.vercel.app/post/keep-firing-yourself,SAME_PATH_200,Why Founders Should Keep Firing Themselves: The Key to Scaling a Business,https://www.nexubis.io/post/keep-firing-yourself,text/html; charset=utf-8,,
/post/keep-firing-yourself-part-2,https://www.nexubis.io/post/keep-firing-yourself-part-2,https://nexubis.vercel.app/post/keep-firing-yourself-part-2,200,200,https://nexubis.vercel.app/post/keep-firing-yourself-part-2,SAME_PATH_200,Why Real CEOs Keep Firing Themselves: The Final Test to See If Your Business Can Thrive Without You,https://www.nexubis.io/post/keep-firing-yourself-part-2,text/html; charset=utf-8,,
/post/keep-positioning-yourself,https://www.nexubis.io/post/keep-positioning-yourself,https://nexubis.vercel.app/post/keep-positioning-yourself,200,200,https://nexubis.vercel.app/post/keep-positioning-yourself,SAME_PATH_200,Keep Positioning Yourself: How Founders Build Signal Over Noise,https://www.nexubis.io/post/keep-positioning-yourself,text/html; charset=utf-8,,
/post/long-term-greed,https://www.nexubis.io/post/long-term-greed,https://nexubis.vercel.app/post/long-term-greed,200,200,https://nexubis.vercel.app/post/long-term-greed,SAME_PATH_200,Long-Term Greed: The Agency Red Flag Everyone Misses,https://www.nexubis.io/post/long-term-greed,text/html; charset=utf-8,,
/post/make-complex-simple,https://www.nexubis.io/post/make-complex-simple,https://nexubis.vercel.app/post/make-complex-simple,200,200,https://nexubis.vercel.app/post/make-complex-simple,SAME_PATH_200,Why Pretty Design Fails: Rethinking UX for Real Results,https://www.nexubis.io/post/make-complex-simple,text/html; charset=utf-8,,
/post/make-it-memorable,https://www.nexubis.io/post/make-it-memorable,https://nexubis.vercel.app/post/make-it-memorable,200,200,https://nexubis.vercel.app/post/make-it-memorable,SAME_PATH_200,Forget “Good Enough” - Why Memorable Customer Experiences Win Every Time,https://www.nexubis.io/post/make-it-memorable,text/html; charset=utf-8,,
/post/manifestation-from-impossible-to-probable,https://www.nexubis.io/post/manifestation-from-impossible-to-probable,https://nexubis.vercel.app/post/manifestation-from-impossible-to-probable,200,200,https://nexubis.vercel.app/post/manifestation-from-impossible-to-probable,SAME_PATH_200,Manifestation for Founders: How Belief Fuels Business Growth,https://www.nexubis.io/post/manifestation-from-impossible-to-probable,text/html; charset=utf-8,,
/post/metamorphosis,https://www.nexubis.io/post/metamorphosis,https://nexubis.vercel.app/post/metamorphosis,200,200,https://nexubis.vercel.app/post/metamorphosis,SAME_PATH_200,Metamorphosis in Business: Why Founders Must Shed Old Roles to Scale,https://www.nexubis.io/post/metamorphosis,text/html; charset=utf-8,,
/post/momentum-fever,https://www.nexubis.io/post/momentum-fever,https://nexubis.vercel.app/post/momentum-fever,200,200,https://nexubis.vercel.app/post/momentum-fever,SAME_PATH_200,Momentum Fever: Why ASAP Culture Kills Productivity and How to Fix It,https://www.nexubis.io/post/momentum-fever,text/html; charset=utf-8,,
/post/most-of-my-job-sucks,https://www.nexubis.io/post/most-of-my-job-sucks,https://nexubis.vercel.app/post/most-of-my-job-sucks,200,200,https://nexubis.vercel.app/post/most-of-my-job-sucks,SAME_PATH_200,"A Day in the Life of a Startup Founder: The Good, Bad, and Real",https://www.nexubis.io/post/most-of-my-job-sucks,text/html; charset=utf-8,,
/post/my-1st-biggest-mistake,https://www.nexubis.io/post/my-1st-biggest-mistake,https://nexubis.vercel.app/post/my-1st-biggest-mistake,200,200,https://nexubis.vercel.app/post/my-1st-biggest-mistake,SAME_PATH_200,The Biggest Mistake Founders Make (And How I Turned Mine Into a Superpower),https://www.nexubis.io/post/my-1st-biggest-mistake,text/html; charset=utf-8,,
/post/new-years-resolutions,https://www.nexubis.io/post/new-years-resolutions,https://nexubis.vercel.app/post/new-years-resolutions,200,200,https://nexubis.vercel.app/post/new-years-resolutions,SAME_PATH_200,New Year’s Resolution 2026: Shift Your Perspective to Achieve Impossible Goals,https://www.nexubis.io/post/new-years-resolutions,text/html; charset=utf-8,,
/post/not-everyone-wants-the-gold-bar,https://www.nexubis.io/post/not-everyone-wants-the-gold-bar,https://nexubis.vercel.app/post/not-everyone-wants-the-gold-bar,200,200,https://nexubis.vercel.app/post/not-everyone-wants-the-gold-bar,SAME_PATH_200,Why Some Clients Say No — And How to Find the Ones Who Say Yes,https://www.nexubis.io/post/not-everyone-wants-the-gold-bar,text/html; charset=utf-8,,
/post/overcoming-imposter-syndrome,https://www.nexubis.io/post/overcoming-imposter-syndrome,https://nexubis.vercel.app/post/overcoming-imposter-syndrome,200,200,https://nexubis.vercel.app/post/overcoming-imposter-syndrome,SAME_PATH_200,Imposter Syndrome Is a Leadership Rite of Passage,https://www.nexubis.io/post/overcoming-imposter-syndrome,text/html; charset=utf-8,,
/post/oxipack-empowering-nexubis,https://www.nexubis.io/post/oxipack-empowering-nexubis,https://nexubis.vercel.app/post/oxipack-empowering-nexubis,200,200,https://nexubis.vercel.app/post/oxipack-empowering-nexubis,SAME_PATH_200,Oxipack: Empowering Nexubis,https://www.nexubis.io/post/oxipack-empowering-nexubis,text/html; charset=utf-8,,
/post/partnership-over-transaction,https://www.nexubis.io/post/partnership-over-transaction,https://nexubis.vercel.app/post/partnership-over-transaction,200,200,https://nexubis.vercel.app/post/partnership-over-transaction,SAME_PATH_200,Partnership Over Transaction: Building Trust in Business Relationships,https://www.nexubis.io/post/partnership-over-transaction,text/html; charset=utf-8,,
/post/pick-your-battles,https://www.nexubis.io/post/pick-your-battles,https://nexubis.vercel.app/post/pick-your-battles,200,200,https://nexubis.vercel.app/post/pick-your-battles,SAME_PATH_200,Founders: Don’t Waste Your Brain on Client Disputes That Shouldn’t Exist,https://www.nexubis.io/post/pick-your-battles,text/html; charset=utf-8,,
/post/press-pause,https://www.nexubis.io/post/press-pause,https://nexubis.vercel.app/post/press-pause,200,200,https://nexubis.vercel.app/post/press-pause,SAME_PATH_200,Burnout Isn’t a Badge: Why Founders Need to Slow Down to Scale Up,https://www.nexubis.io/post/press-pause,text/html; charset=utf-8,,
/post/resentment-is-a-symptom-of-poor-process,https://www.nexubis.io/post/resentment-is-a-symptom-of-poor-process,https://nexubis.vercel.app/post/resentment-is-a-symptom-of-poor-process,200,200,https://nexubis.vercel.app/post/resentment-is-a-symptom-of-poor-process,SAME_PATH_200,Why Your Team Keeps Messing Up (And How to Fix It),https://www.nexubis.io/post/resentment-is-a-symptom-of-poor-process,text/html; charset=utf-8,,
/post/rethinking-the-nexubis-trial,https://www.nexubis.io/post/rethinking-the-nexubis-trial,https://nexubis.vercel.app/post/rethinking-the-nexubis-trial,200,200,https://nexubis.vercel.app/post/rethinking-the-nexubis-trial,SAME_PATH_200,"Nexubis' New and Improved Trial: Real Work, No Commitment, Built for Founders",https://www.nexubis.io/post/rethinking-the-nexubis-trial,text/html; charset=utf-8,,
/post/scale-responsibly,https://www.nexubis.io/post/scale-responsibly,https://nexubis.vercel.app/post/scale-responsibly,200,200,https://nexubis.vercel.app/post/scale-responsibly,SAME_PATH_200,How to Scale a Company Without Breaking It: Build the Right Team First,https://www.nexubis.io/post/scale-responsibly,text/html; charset=utf-8,,
/post/sell-the-slice-not-the-sauce,https://www.nexubis.io/post/sell-the-slice-not-the-sauce,https://nexubis.vercel.app/post/sell-the-slice-not-the-sauce,200,200,https://nexubis.vercel.app/post/sell-the-slice-not-the-sauce,SAME_PATH_200,From Cold Pitch to Closed Deal: The Psychology Behind Sales That Actually Work,https://www.nexubis.io/post/sell-the-slice-not-the-sauce,text/html; charset=utf-8,,
/post/skip-the-ladder-join-a-startup,https://www.nexubis.io/post/skip-the-ladder-join-a-startup,https://nexubis.vercel.app/post/skip-the-ladder-join-a-startup,200,200,https://nexubis.vercel.app/post/skip-the-ladder-join-a-startup,SAME_PATH_200,Why Working at a Startup Early in Your Career Can 10x Your Growth,https://www.nexubis.io/post/skip-the-ladder-join-a-startup,text/html; charset=utf-8,,
/post/solve-the-boring-problem-first,https://www.nexubis.io/post/solve-the-boring-problem-first,https://nexubis.vercel.app/post/solve-the-boring-problem-first,200,200,https://nexubis.vercel.app/post/solve-the-boring-problem-first,SAME_PATH_200,Why the Most Successful Startups Solve “Boring” Problems,https://www.nexubis.io/post/solve-the-boring-problem-first,text/html; charset=utf-8,,
/post/startups-arent-a-family,https://www.nexubis.io/post/startups-arent-a-family,https://nexubis.vercel.app/post/startups-arent-a-family,200,200,https://nexubis.vercel.app/post/startups-arent-a-family,SAME_PATH_200,"The Lie of ‘We’re a Family’: Why Startups Need Teams, Not Sentiment",https://www.nexubis.io/post/startups-arent-a-family,text/html; charset=utf-8,,
/post/startups-dont-need-more-features,https://www.nexubis.io/post/startups-dont-need-more-features,https://nexubis.vercel.app/post/startups-dont-need-more-features,200,200,https://nexubis.vercel.app/post/startups-dont-need-more-features,SAME_PATH_200,"Feature Creep Is Killing Your Product: Why SaaS Teams Need More Discipline, Not More Features",https://www.nexubis.io/post/startups-dont-need-more-features,text/html; charset=utf-8,,
/post/stop-selling-time-start-delivering-value,https://www.nexubis.io/post/stop-selling-time-start-delivering-value,https://nexubis.vercel.app/post/stop-selling-time-start-delivering-value,200,200,https://nexubis.vercel.app/post/stop-selling-time-start-delivering-value,SAME_PATH_200,Why Subscription-Based Creative Beats Hourly Billing,https://www.nexubis.io/post/stop-selling-time-start-delivering-value,text/html; charset=utf-8,,
/post/straight-line-thinking,https://www.nexubis.io/post/straight-line-thinking,https://nexubis.vercel.app/post/straight-line-thinking,200,200,https://nexubis.vercel.app/post/straight-line-thinking,SAME_PATH_200,How Great Teams Eliminate Chaos and Move Fast - Without Burning Out,https://www.nexubis.io/post/straight-line-thinking,text/html; charset=utf-8,,
/post/striving-for-culinary-perfection,https://www.nexubis.io/post/striving-for-culinary-perfection,https://nexubis.vercel.app/post/striving-for-culinary-perfection,200,200,https://nexubis.vercel.app/post/striving-for-culinary-perfection,SAME_PATH_200,Business Lessons from a Smash Burger: Why Simplicity Wins,https://www.nexubis.io/post/striving-for-culinary-perfection,text/html; charset=utf-8,,
/post/the-age-of-agi,https://www.nexubis.io/post/the-age-of-agi,https://nexubis.vercel.app/post/the-age-of-agi,200,200,https://nexubis.vercel.app/post/the-age-of-agi,SAME_PATH_200,AGI Will Reshape Leadership: Why 2026 Will Break Your Business Model,https://www.nexubis.io/post/the-age-of-agi,text/html; charset=utf-8,,
/post/the-biggest-risk-playing-it-safe,https://www.nexubis.io/post/the-biggest-risk-playing-it-safe,https://nexubis.vercel.app/post/the-biggest-risk-playing-it-safe,200,200,https://nexubis.vercel.app/post/the-biggest-risk-playing-it-safe,SAME_PATH_200,Why Risk-Taking Drives Business Growth (And Playing It Safe Doesn’t),https://www.nexubis.io/post/the-biggest-risk-playing-it-safe,text/html; charset=utf-8,,
/post/the-builders-will-survive,https://www.nexubis.io/post/the-builders-will-survive,https://nexubis.vercel.app/post/the-builders-will-survive,200,200,https://nexubis.vercel.app/post/the-builders-will-survive,SAME_PATH_200,"AGI Is Here: What Founders, Designers, and Product Leaders Must Do to Survive the Next Wave",https://www.nexubis.io/post/the-builders-will-survive,text/html; charset=utf-8,,
/post/the-butterfly-effect,https://www.nexubis.io/post/the-butterfly-effect,https://nexubis.vercel.app/post/the-butterfly-effect,200,200,https://nexubis.vercel.app/post/the-butterfly-effect,SAME_PATH_200,The Ripple Effect of Early Clients: How Small Decisions Shape Big Growth,https://www.nexubis.io/post/the-butterfly-effect,text/html; charset=utf-8,,
/post/the-cost-of-refusing-to-adapt,https://www.nexubis.io/post/the-cost-of-refusing-to-adapt,https://nexubis.vercel.app/post/the-cost-of-refusing-to-adapt,200,200,https://nexubis.vercel.app/post/the-cost-of-refusing-to-adapt,SAME_PATH_200,The Cost of Refusing to Adapt to AI in Creative Work,https://www.nexubis.io/post/the-cost-of-refusing-to-adapt,text/html; charset=utf-8,,
/post/the-discipline-of-quitting,https://www.nexubis.io/post/the-discipline-of-quitting,https://nexubis.vercel.app/post/the-discipline-of-quitting,200,200,https://nexubis.vercel.app/post/the-discipline-of-quitting,SAME_PATH_200,The Discipline of Quitting: Why Smart Founders Know When to Let Go,https://www.nexubis.io/post/the-discipline-of-quitting,text/html; charset=utf-8,,
/post/the-disruption,https://www.nexubis.io/post/the-disruption,https://nexubis.vercel.app/post/the-disruption,200,200,https://nexubis.vercel.app/post/the-disruption,SAME_PATH_200,"Figma Sites, AGI, and the Death of Dev Handoff: What’s Coming for Creators by 2027",https://www.nexubis.io/post/the-disruption,text/html; charset=utf-8,,
/post/the-flex-package,https://www.nexubis.io/post/the-flex-package,https://nexubis.vercel.app/post/the-flex-package,200,200,https://nexubis.vercel.app/post/the-flex-package,SAME_PATH_200,"Custom Creative Services for Founders — Flexible, Affordable, Scalable",https://www.nexubis.io/post/the-flex-package,text/html; charset=utf-8,,
/post/the-gold-bar-theory,https://www.nexubis.io/post/the-gold-bar-theory,https://nexubis.vercel.app/post/the-gold-bar-theory,200,200,https://nexubis.vercel.app/post/the-gold-bar-theory,SAME_PATH_200,The Gold Bar Theory: Why Value Alone Doesn’t Drive Action,https://www.nexubis.io/post/the-gold-bar-theory,text/html; charset=utf-8,,
/post/the-legendary-play,https://www.nexubis.io/post/the-legendary-play,https://nexubis.vercel.app/post/the-legendary-play,200,200,https://nexubis.vercel.app/post/the-legendary-play,SAME_PATH_200,The Secret Third Option: Turning Client Conflict Into Trust,https://www.nexubis.io/post/the-legendary-play,text/html; charset=utf-8,,
/post/the-myth-of-the-perfect-hire,https://www.nexubis.io/post/the-myth-of-the-perfect-hire,https://nexubis.vercel.app/post/the-myth-of-the-perfect-hire,200,200,https://nexubis.vercel.app/post/the-myth-of-the-perfect-hire,SAME_PATH_200,Startup Hiring Strategy: Why Mindset Beats Experience Every Time,https://www.nexubis.io/post/the-myth-of-the-perfect-hire,text/html; charset=utf-8,,
/post/the-new-creative-stack,https://www.nexubis.io/post/the-new-creative-stack,https://nexubis.vercel.app/post/the-new-creative-stack,200,200,https://nexubis.vercel.app/post/the-new-creative-stack,SAME_PATH_200,"The 2025 Creative Stack: Design, Dev, and Delivery in Figma",https://www.nexubis.io/post/the-new-creative-stack,text/html; charset=utf-8,,
/post/the-nexubis-effect,https://www.nexubis.io/post/the-nexubis-effect,https://nexubis.vercel.app/post/the-nexubis-effect,200,200,https://nexubis.vercel.app/post/the-nexubis-effect,SAME_PATH_200,Why Scaling Teams Struggle with Delivery - And How Nexubis Fixes It,https://www.nexubis.io/post/the-nexubis-effect,text/html; charset=utf-8,,
/post/the-nexubis-referral-program,https://www.nexubis.io/post/the-nexubis-referral-program,https://nexubis.vercel.app/post/the-nexubis-referral-program,200,200,https://nexubis.vercel.app/post/the-nexubis-referral-program,SAME_PATH_200,The Nexubis Referral Program: Earn Lifetime Discounts by Recommending a Service That Delivers,https://www.nexubis.io/post/the-nexubis-referral-program,text/html; charset=utf-8,,
/post/the-personal-belief-vs-ai-paradox,https://www.nexubis.io/post/the-personal-belief-vs-ai-paradox,https://nexubis.vercel.app/post/the-personal-belief-vs-ai-paradox,200,200,https://nexubis.vercel.app/post/the-personal-belief-vs-ai-paradox,SAME_PATH_200,Why Prompting Is the New Literacy (And What You're Getting Wrong About AI),https://www.nexubis.io/post/the-personal-belief-vs-ai-paradox,text/html; charset=utf-8,,
/post/the-power-of-linkedin,https://www.nexubis.io/post/the-power-of-linkedin,https://nexubis.vercel.app/post/the-power-of-linkedin,200,200,https://nexubis.vercel.app/post/the-power-of-linkedin,SAME_PATH_200,The Power of LinkedIn: How Showing Up Transforms Your Business,https://www.nexubis.io/post/the-power-of-linkedin,text/html; charset=utf-8,,
/post/the-process-or-people-problem,https://www.nexubis.io/post/the-process-or-people-problem,https://nexubis.vercel.app/post/the-process-or-people-problem,200,200,https://nexubis.vercel.app/post/the-process-or-people-problem,SAME_PATH_200,How to Fix Team Performance Issues: Process Problem or People Problem?,https://www.nexubis.io/post/the-process-or-people-problem,text/html; charset=utf-8,,
/post/the-secret-third-option,https://www.nexubis.io/post/the-secret-third-option,https://nexubis.vercel.app/post/the-secret-third-option,200,200,https://nexubis.vercel.app/post/the-secret-third-option,SAME_PATH_200,What to Do When Both Business Options Suck: How Top Founders Rethink Decisions,https://www.nexubis.io/post/the-secret-third-option,text/html; charset=utf-8,,
/post/the-tech-stack-we-actually-recommend,https://www.nexubis.io/post/the-tech-stack-we-actually-recommend,https://nexubis.vercel.app/post/the-tech-stack-we-actually-recommend,200,200,https://nexubis.vercel.app/post/the-tech-stack-we-actually-recommend,SAME_PATH_200,The Ultimate Startup Tech Stack: What to Use and What to Avoid in 2025,https://www.nexubis.io/post/the-tech-stack-we-actually-recommend,text/html; charset=utf-8,,
/post/the-walter-mitty-effect,https://www.nexubis.io/post/the-walter-mitty-effect,https://nexubis.vercel.app/post/the-walter-mitty-effect,200,200,https://nexubis.vercel.app/post/the-walter-mitty-effect,SAME_PATH_200,The Walter Mitty Effect,https://www.nexubis.io/post/the-walter-mitty-effect,text/html; charset=utf-8,,
/post/the-work-life-balance-lie,https://www.nexubis.io/post/the-work-life-balance-lie,https://nexubis.vercel.app/post/the-work-life-balance-lie,200,200,https://nexubis.vercel.app/post/the-work-life-balance-lie,SAME_PATH_200,The Myth of Balance: What No One Tells You About Building a Business,https://www.nexubis.io/post/the-work-life-balance-lie,text/html; charset=utf-8,,
/post/welcome-to-dreamlab,https://www.nexubis.io/post/welcome-to-dreamlab,https://nexubis.vercel.app/post/welcome-to-dreamlab,200,200,https://nexubis.vercel.app/post/welcome-to-dreamlab,SAME_PATH_200,"Welcome to Dreamlab: Real Insights from Nexubis on Building, AI & Startups",https://www.nexubis.io/post/welcome-to-dreamlab,text/html; charset=utf-8,,
/post/what-early-stage-founders-spend-way-too-much-time-on,https://www.nexubis.io/post/what-early-stage-founders-spend-way-too-much-time-on,https://nexubis.vercel.app/post/what-early-stage-founders-spend-way-too-much-time-on,200,200,https://nexubis.vercel.app/post/what-early-stage-founders-spend-way-too-much-time-on,SAME_PATH_200,Stop Wasting Time: Common Mistakes Early-Stage Founders Make,https://www.nexubis.io/post/what-early-stage-founders-spend-way-too-much-time-on,text/html; charset=utf-8,,
/post/when-branding-does-and-doesnt-matter,https://www.nexubis.io/post/when-branding-does-and-doesnt-matter,https://nexubis.vercel.app/post/when-branding-does-and-doesnt-matter,200,200,https://nexubis.vercel.app/post/when-branding-does-and-doesnt-matter,SAME_PATH_200,Branding vs Visual Identity: Why Most Startups Get It Wrong,https://www.nexubis.io/post/when-branding-does-and-doesnt-matter,text/html; charset=utf-8,,
/post/your-perception-is-your-reality,https://www.nexubis.io/post/your-perception-is-your-reality,https://nexubis.vercel.app/post/your-perception-is-your-reality,200,200,https://nexubis.vercel.app/post/your-perception-is-your-reality,SAME_PATH_200,Why Assumptions Kill Good Design (And What to Do Instead),https://www.nexubis.io/post/your-perception-is-your-reality,text/html; charset=utf-8,,
/post/youre-not-ready-for-whats-coming,https://www.nexubis.io/post/youre-not-ready-for-whats-coming,https://nexubis.vercel.app/post/youre-not-ready-for-whats-coming,200,200,https://nexubis.vercel.app/post/youre-not-ready-for-whats-coming,SAME_PATH_200,AI Workflow Automation Is Here: Why Your Tech Stack Won’t Survive 2025,https://www.nexubis.io/post/youre-not-ready-for-whats-coming,text/html; charset=utf-8,,
/scorecard,https://www.nexubis.io/scorecard,https://nexubis.vercel.app/scorecard,404,200,https://nexubis.vercel.app/scorecard,SAME_PATH_200,The Industrial Brand Credibility Scorecard | Nexubis,,text/html; charset=utf-8,,
/work,https://www.nexubis.io/work,https://nexubis.vercel.app/work,200,200,https://nexubis.vercel.app/work,SAME_PATH_200,Work,https://www.nexubis.io/work,text/html; charset=utf-8,,
/work/altify,https://www.nexubis.io/work/altify,https://nexubis.vercel.app/work/altify,200,200,https://nexubis.vercel.app/work/altify,SAME_PATH_200,Altify Merger Relaunch | Nexubis,https://www.nexubis.io/work/altify,text/html; charset=utf-8,,
/work/circuit,https://www.nexubis.io/work/circuit,https://nexubis.vercel.app/work/circuit,200,200,https://nexubis.vercel.app/work/circuit,SAME_PATH_200,Circuit Rebrand and Website launch | Nexubis,https://www.nexubis.io/work/circuit,text/html; charset=utf-8,,
/work/oxipack,https://www.nexubis.io/work/oxipack,https://nexubis.vercel.app/work/oxipack,200,200,https://nexubis.vercel.app/work/oxipack,SAME_PATH_200,Oxipack Website Redesign and Rebuild | Nexubis,https://www.nexubis.io/work/oxipack,text/html; charset=utf-8,,
/work/sataya,https://www.nexubis.io/work/sataya,https://nexubis.vercel.app/work/sataya,404,404,https://nexubis.vercel.app/work/sataya,EXPECTED_INTENTIONAL_404,Nexubis | Your in-house creative team,,text/html; charset=utf-8,,
