path,oldUrl,sourceEvidence,contentType,publishedStatus,oldResponseStatus,oldPageTitle,expectedRebuiltRoute,notes,captureTimestamp
/,https://www.nexubis.io/,static route inventory; webflow-export/index.html; live Webflow sitemap,static_page,published,200,"Nexubis - B2B Design, Development and Growth Partner",https://nexubis.vercel.app/,,2026-07-29T20:51:21.023Z
/about,https://www.nexubis.io/about,static route inventory; webflow-export/about.html; live Webflow sitemap,static_page,published,200,About Nexubis,https://nexubis.vercel.app/about,,2026-07-29T20:51:21.023Z
/blog,https://www.nexubis.io/blog,static route inventory; webflow-export/blog.html; live Webflow sitemap,static_page,published,200,Nexubis - Dreamlab Blog,https://nexubis.vercel.app/blog,,2026-07-29T20:51:21.023Z
/contact,https://www.nexubis.io/contact,static route inventory; webflow-export/contact.html; live Webflow sitemap,static_page,published,200,Nexubis - Contact Us,https://nexubis.vercel.app/contact,,2026-07-29T20:51:21.023Z
/packages,https://www.nexubis.io/packages,static route inventory; webflow-export/packages.html; live Webflow sitemap,static_page,published,200,Nexubis - Packages,https://nexubis.vercel.app/packages,,2026-07-29T20:51:21.023Z
/post/10-better-or-dont-bother,https://www.nexubis.io/post/10-better-or-dont-bother,live Webflow sitemap; raw Webflow Blog CMS export; final Blog/Sanity manifest,blog_post,published,200,Redesigning with Purpose: How We Turned Confusion Into Conversion (While Competitors Stayed Comfortable),https://nexubis.vercel.app/post/10-better-or-dont-bother,,2026-07-29T20:51:21.023Z
/post/2025-in-retrospect,https://www.nexubis.io/post/2025-in-retrospect,live Webflow sitemap; raw Webflow Blog CMS export; final Blog/Sanity manifest,blog_post,published,200,2025 in Retrospect: The Hard Lessons of Building a Scalable Creative Company,https://nexubis.vercel.app/post/2025-in-retrospect,,2026-07-29T20:51:21.023Z
/post/ai-is-not-a-phase-its-an-era,https://www.nexubis.io/post/ai-is-not-a-phase-its-an-era,raw Webflow Blog CMS export; final Blog/Sanity manifest,blog_post,published,200,The Webflow Exit: Building High-Performance Sites with AI & Sanity (2026),https://nexubis.vercel.app/post/ai-is-not-a-phase-its-an-era,,2026-07-29T20:51:21.023Z
/post/ai-isnt-coming-its-already-here,https://www.nexubis.io/post/ai-isnt-coming-its-already-here,live Webflow sitemap; raw Webflow Blog CMS export; final Blog/Sanity manifest,blog_post,published,200,AI is Here: Why You Need to Adapt or Risk Being Left Behind,https://nexubis.vercel.app/post/ai-isnt-coming-its-already-here,,2026-07-29T20:51:21.023Z
/post/altify-empowering-nexubis,https://www.nexubis.io/post/altify-empowering-nexubis,live Webflow sitemap; raw Webflow Blog CMS export; final Blog/Sanity manifest,blog_post,published,200,Altify: Empowering Nexubis,https://nexubis.vercel.app/post/altify-empowering-nexubis,,2026-07-29T20:51:21.023Z
/post/automation-is-not-the-enemy,https://www.nexubis.io/post/automation-is-not-the-enemy,live Webflow sitemap; raw Webflow Blog CMS export; final Blog/Sanity manifest,blog_post,published,200,AI Is Rebuilding the Creative Stack — Faster Than You Think,https://nexubis.vercel.app/post/automation-is-not-the-enemy,,2026-07-29T20:51:21.023Z
/post/beyond-the-eu30-000,https://www.nexubis.io/post/beyond-the-eu30-000,raw Webflow Blog CMS export; final Blog/Sanity manifest,blog_post,published,200,"Design Subscription vs Hourly: How Oxipack Saved €14,975 & Scaled Output",https://nexubis.vercel.app/post/beyond-the-eu30-000,,2026-07-29T20:51:21.023Z
/post/building-a-leadership-team,https://www.nexubis.io/post/building-a-leadership-team,live Webflow sitemap; raw Webflow Blog CMS export; final Blog/Sanity manifest,blog_post,published,200,How to Build a Startup Leadership Team Without Wasting Millions,https://nexubis.vercel.app/post/building-a-leadership-team,,2026-07-29T20:51:21.023Z
/post/building-fast-vs-building-right,https://www.nexubis.io/post/building-fast-vs-building-right,live Webflow sitemap; raw Webflow Blog CMS export; final Blog/Sanity manifest,blog_post,published,200,Why Most Startups Fail Before Series A (And What to Do Instead),https://nexubis.vercel.app/post/building-fast-vs-building-right,,2026-07-29T20:51:21.023Z
/post/circuit-securing-nexubis,https://www.nexubis.io/post/circuit-securing-nexubis,live Webflow sitemap; raw Webflow Blog CMS export; final Blog/Sanity manifest,blog_post,published,200,Circuit: Securing Nexubis,https://nexubis.vercel.app/post/circuit-securing-nexubis,,2026-07-29T20:51:21.023Z
/post/dick-proves-the-agency-stereotype,https://www.nexubis.io/post/dick-proves-the-agency-stereotype,live Webflow sitemap; raw Webflow Blog CMS export; final Blog/Sanity manifest,blog_post,published,200,"The Agency Stereotype, Explained: Why Nexubis Is Different",https://nexubis.vercel.app/post/dick-proves-the-agency-stereotype,,2026-07-29T20:51:21.023Z
/post/do-something-useful,https://www.nexubis.io/post/do-something-useful,live Webflow sitemap; raw Webflow Blog CMS export; final Blog/Sanity manifest,blog_post,published,200,Stop Complaining. Start Building: How Real Leaders Drive Change,https://nexubis.vercel.app/post/do-something-useful,,2026-07-29T20:51:21.023Z
/post/dont-be-an-idiot-sandwich,https://www.nexubis.io/post/dont-be-an-idiot-sandwich,live Webflow sitemap; raw Webflow Blog CMS export; final Blog/Sanity manifest,blog_post,published,200,"Before You Build a Unicorn, Fix the Donkey: Why Most Startups Fail to Scale",https://nexubis.vercel.app/post/dont-be-an-idiot-sandwich,,2026-07-29T20:51:21.023Z
/post/dont-turn-into-a-robot,https://www.nexubis.io/post/dont-turn-into-a-robot,live Webflow sitemap; raw Webflow Blog CMS export; final Blog/Sanity manifest,blog_post,published,200,The Leadership Mistake That’s Quietly Killing Startup Cultures,https://nexubis.vercel.app/post/dont-turn-into-a-robot,,2026-07-29T20:51:21.023Z
/post/dragonborn,https://www.nexubis.io/post/dragonborn,live Webflow sitemap; raw Webflow Blog CMS export; final Blog/Sanity manifest,blog_post,published,200,From Fantasy to Founder: How Childhood Obsession Became a Creative Business,https://nexubis.vercel.app/post/dragonborn,,2026-07-29T20:51:21.023Z
/post/eat-the-rich,https://www.nexubis.io/post/eat-the-rich,live Webflow sitemap; raw Webflow Blog CMS export; final Blog/Sanity manifest,blog_post,published,200,Why Founders Deserve More Credit Than They Get — And What Most Critics Miss,https://nexubis.vercel.app/post/eat-the-rich,,2026-07-29T20:51:21.023Z
/post/empowering-clients,https://www.nexubis.io/post/empowering-clients,live Webflow sitemap; raw Webflow Blog CMS export; final Blog/Sanity manifest,blog_post,published,200,How to Find the Right Agency Partner to Scale Your Business,https://nexubis.vercel.app/post/empowering-clients,,2026-07-29T20:51:21.023Z
/post/empowering-communities,https://www.nexubis.io/post/empowering-communities,live Webflow sitemap; raw Webflow Blog CMS export; final Blog/Sanity manifest,blog_post,published,200,How We’re Fixing Internships (And Why Most Are a Lie),https://nexubis.vercel.app/post/empowering-communities,,2026-07-29T20:51:21.023Z
/post/empowering-founders,https://www.nexubis.io/post/empowering-founders,live Webflow sitemap; raw Webflow Blog CMS export; final Blog/Sanity manifest,blog_post,published,200,Startup Success Blueprint: How We Scaled Nexubis from Idea to Growth Powerhouse,https://nexubis.vercel.app/post/empowering-founders,,2026-07-29T20:51:21.023Z
/post/empowering-teams,https://www.nexubis.io/post/empowering-teams,live Webflow sitemap; raw Webflow Blog CMS export; final Blog/Sanity manifest,blog_post,published,200,"How Nexubis Empowers Teams to Question, Improve, and Innovate Daily",https://nexubis.vercel.app/post/empowering-teams,,2026-07-29T20:51:21.023Z
/post/empowering-women-with-project-flamingo,https://www.nexubis.io/post/empowering-women-with-project-flamingo,live Webflow sitemap; raw Webflow Blog CMS export; final Blog/Sanity manifest,blog_post,published,200,"Founders, Impact & Project Flamingo: Nexubis on Women’s Day",https://nexubis.vercel.app/post/empowering-women-with-project-flamingo,,2026-07-29T20:51:21.023Z
/post/fire-faster-promote-faster,https://www.nexubis.io/post/fire-faster-promote-faster,live Webflow sitemap; raw Webflow Blog CMS export; final Blog/Sanity manifest,blog_post,published,200,Build a Winning Team: Promote the Right People. Fire the Wrong Ones. Fast.,https://nexubis.vercel.app/post/fire-faster-promote-faster,,2026-07-29T20:51:21.023Z
/post/for-professionals-by-professionals,https://www.nexubis.io/post/for-professionals-by-professionals,live Webflow sitemap; raw Webflow Blog CMS export; final Blog/Sanity manifest,blog_post,published,200,Creative Survival Kit: Real-World Career Advice for Freelancers & Pros,https://nexubis.vercel.app/post/for-professionals-by-professionals,,2026-07-29T20:51:21.023Z
/post/fresh-out-of-college-now-what,https://www.nexubis.io/post/fresh-out-of-college-now-what,live Webflow sitemap; raw Webflow Blog CMS export; final Blog/Sanity manifest,blog_post,published,200,Your Starter Pack for Landing a Creative Job (Without Cringing at Your CV),https://nexubis.vercel.app/post/fresh-out-of-college-now-what,,2026-07-29T20:51:21.023Z
/post/goals-vs-movement,https://www.nexubis.io/post/goals-vs-movement,live Webflow sitemap; raw Webflow Blog CMS export; final Blog/Sanity manifest,blog_post,published,200,Goals vs Movement: Why Progress Matters More Than Perfect Planning in 2025,https://nexubis.vercel.app/post/goals-vs-movement,,2026-07-29T20:51:21.023Z
/post/how-it-all-started-and-almost-didnt,https://www.nexubis.io/post/how-it-all-started-and-almost-didnt,live Webflow sitemap; raw Webflow Blog CMS export; final Blog/Sanity manifest,blog_post,published,200,The Nexubis Origin Story: From White-Label Hustle to Agency Growth,https://nexubis.vercel.app/post/how-it-all-started-and-almost-didnt,,2026-07-29T20:51:21.023Z
/post/how-to-not-suck-at-job-applications,https://www.nexubis.io/post/how-to-not-suck-at-job-applications,raw Webflow Blog CMS export; final Blog/Sanity manifest,blog_post,published,200,How to Not Suck at Job Applications (According to Hiring Managers),https://nexubis.vercel.app/post/how-to-not-suck-at-job-applications,,2026-07-29T20:51:21.023Z
/post/how-we-landed-on-empowering-dreams,https://www.nexubis.io/post/how-we-landed-on-empowering-dreams,live Webflow sitemap; raw Webflow Blog CMS export; final Blog/Sanity manifest,blog_post,published,200,"The Story Behind Our Slogan: Why Nexubis Chose ""Empowering Dreams""",https://nexubis.vercel.app/post/how-we-landed-on-empowering-dreams,,2026-07-29T20:51:21.023Z
/post/how-we-work,https://www.nexubis.io/post/how-we-work,live Webflow sitemap; raw Webflow Blog CMS export; final Blog/Sanity manifest,blog_post,published,200,Inside Nexubis: Our Creative Agency Culture & Values,https://nexubis.vercel.app/post/how-we-work,,2026-07-29T20:51:21.023Z
/post/if-it-aint-broke-refine-it,https://www.nexubis.io/post/if-it-aint-broke-refine-it,live Webflow sitemap; raw Webflow Blog CMS export; final Blog/Sanity manifest,blog_post,published,200,"Why “If It Ain’t Broke, Don’t Fix It” Will Kill Your Business",https://nexubis.vercel.app/post/if-it-aint-broke-refine-it,,2026-07-29T20:51:21.023Z
/post/impact-builds-network,https://www.nexubis.io/post/impact-builds-network,raw Webflow Blog CMS export; final Blog/Sanity manifest,blog_post,published,200,How Making an Impact at Work Builds a Powerful Network,https://nexubis.vercel.app/post/impact-builds-network,,2026-07-29T20:51:21.023Z
/post/just-do-it,https://www.nexubis.io/post/just-do-it,raw Webflow Blog CMS export; final Blog/Sanity manifest,blog_post,published,200,"Just Do It: Why Discomfort, Mistakes & Action Beat Fear Every Time",https://nexubis.vercel.app/post/just-do-it,,2026-07-29T20:51:21.023Z
/post/just-start-the-damn-thing,https://www.nexubis.io/post/just-start-the-damn-thing,live Webflow sitemap; raw Webflow Blog CMS export; final Blog/Sanity manifest,blog_post,published,200,Founders: Stop Stalling and Start Moving With This Simple 10-Minute Trick,https://nexubis.vercel.app/post/just-start-the-damn-thing,,2026-07-29T20:51:21.023Z
/post/keep-firing-yourself,https://www.nexubis.io/post/keep-firing-yourself,live Webflow sitemap; raw Webflow Blog CMS export; final Blog/Sanity manifest,blog_post,published,200,Why Founders Should Keep Firing Themselves: The Key to Scaling a Business,https://nexubis.vercel.app/post/keep-firing-yourself,,2026-07-29T20:51:21.023Z
/post/keep-firing-yourself-part-2,https://www.nexubis.io/post/keep-firing-yourself-part-2,live Webflow sitemap; raw Webflow Blog CMS export; final Blog/Sanity manifest,blog_post,published,200,Why Real CEOs Keep Firing Themselves: The Final Test to See If Your Business Can Thrive Without You,https://nexubis.vercel.app/post/keep-firing-yourself-part-2,,2026-07-29T20:51:21.023Z
/post/keep-positioning-yourself,https://www.nexubis.io/post/keep-positioning-yourself,raw Webflow Blog CMS export; final Blog/Sanity manifest,blog_post,published,200,Keep Positioning Yourself: How Founders Build Signal Over Noise,https://nexubis.vercel.app/post/keep-positioning-yourself,,2026-07-29T20:51:21.023Z
/post/long-term-greed,https://www.nexubis.io/post/long-term-greed,live Webflow sitemap; raw Webflow Blog CMS export; final Blog/Sanity manifest,blog_post,published,200,Long-Term Greed: The Agency Red Flag Everyone Misses,https://nexubis.vercel.app/post/long-term-greed,,2026-07-29T20:51:21.023Z
/post/make-complex-simple,https://www.nexubis.io/post/make-complex-simple,live Webflow sitemap; raw Webflow Blog CMS export; final Blog/Sanity manifest,blog_post,published,200,Why Pretty Design Fails: Rethinking UX for Real Results,https://nexubis.vercel.app/post/make-complex-simple,,2026-07-29T20:51:21.023Z
/post/make-it-memorable,https://www.nexubis.io/post/make-it-memorable,live Webflow sitemap; raw Webflow Blog CMS export; final Blog/Sanity manifest,blog_post,published,200,Forget “Good Enough” - Why Memorable Customer Experiences Win Every Time,https://nexubis.vercel.app/post/make-it-memorable,,2026-07-29T20:51:21.023Z
/post/manifestation-from-impossible-to-probable,https://www.nexubis.io/post/manifestation-from-impossible-to-probable,live Webflow sitemap; raw Webflow Blog CMS export; final Blog/Sanity manifest,blog_post,published,200,Manifestation for Founders: How Belief Fuels Business Growth,https://nexubis.vercel.app/post/manifestation-from-impossible-to-probable,,2026-07-29T20:51:21.023Z
/post/metamorphosis,https://www.nexubis.io/post/metamorphosis,raw Webflow Blog CMS export; final Blog/Sanity manifest,blog_post,published,200,Metamorphosis in Business: Why Founders Must Shed Old Roles to Scale,https://nexubis.vercel.app/post/metamorphosis,,2026-07-29T20:51:21.023Z
/post/momentum-fever,https://www.nexubis.io/post/momentum-fever,raw Webflow Blog CMS export; final Blog/Sanity manifest,blog_post,published,200,Momentum Fever: Why ASAP Culture Kills Productivity and How to Fix It,https://nexubis.vercel.app/post/momentum-fever,,2026-07-29T20:51:21.023Z
/post/most-of-my-job-sucks,https://www.nexubis.io/post/most-of-my-job-sucks,live Webflow sitemap; raw Webflow Blog CMS export; final Blog/Sanity manifest,blog_post,published,200,"A Day in the Life of a Startup Founder: The Good, Bad, and Real",https://nexubis.vercel.app/post/most-of-my-job-sucks,,2026-07-29T20:51:21.023Z
/post/my-1st-biggest-mistake,https://www.nexubis.io/post/my-1st-biggest-mistake,raw Webflow Blog CMS export; final Blog/Sanity manifest,blog_post,published,200,The Biggest Mistake Founders Make (And How I Turned Mine Into a Superpower),https://nexubis.vercel.app/post/my-1st-biggest-mistake,,2026-07-29T20:51:21.023Z
/post/new-years-resolutions,https://www.nexubis.io/post/new-years-resolutions,live Webflow sitemap; raw Webflow Blog CMS export; final Blog/Sanity manifest,blog_post,published,200,New Year’s Resolution 2026: Shift Your Perspective to Achieve Impossible Goals,https://nexubis.vercel.app/post/new-years-resolutions,,2026-07-29T20:51:21.023Z
/post/not-everyone-wants-the-gold-bar,https://www.nexubis.io/post/not-everyone-wants-the-gold-bar,live Webflow sitemap; raw Webflow Blog CMS export; final Blog/Sanity manifest,blog_post,published,200,Why Some Clients Say No — And How to Find the Ones Who Say Yes,https://nexubis.vercel.app/post/not-everyone-wants-the-gold-bar,,2026-07-29T20:51:21.023Z
/post/overcoming-imposter-syndrome,https://www.nexubis.io/post/overcoming-imposter-syndrome,live Webflow sitemap; raw Webflow Blog CMS export; final Blog/Sanity manifest,blog_post,published,200,Imposter Syndrome Is a Leadership Rite of Passage,https://nexubis.vercel.app/post/overcoming-imposter-syndrome,,2026-07-29T20:51:21.023Z
/post/oxipack-empowering-nexubis,https://www.nexubis.io/post/oxipack-empowering-nexubis,live Webflow sitemap; raw Webflow Blog CMS export; final Blog/Sanity manifest,blog_post,published,200,Oxipack: Empowering Nexubis,https://nexubis.vercel.app/post/oxipack-empowering-nexubis,,2026-07-29T20:51:21.023Z
/post/partnership-over-transaction,https://www.nexubis.io/post/partnership-over-transaction,raw Webflow Blog CMS export; final Blog/Sanity manifest,blog_post,published,200,Partnership Over Transaction: Building Trust in Business Relationships,https://nexubis.vercel.app/post/partnership-over-transaction,,2026-07-29T20:51:21.023Z
/post/pick-your-battles,https://www.nexubis.io/post/pick-your-battles,live Webflow sitemap; raw Webflow Blog CMS export; final Blog/Sanity manifest,blog_post,published,200,Founders: Don’t Waste Your Brain on Client Disputes That Shouldn’t Exist,https://nexubis.vercel.app/post/pick-your-battles,,2026-07-29T20:51:21.023Z
/post/press-pause,https://www.nexubis.io/post/press-pause,live Webflow sitemap; raw Webflow Blog CMS export; final Blog/Sanity manifest,blog_post,published,200,Burnout Isn’t a Badge: Why Founders Need to Slow Down to Scale Up,https://nexubis.vercel.app/post/press-pause,,2026-07-29T20:51:21.023Z
/post/resentment-is-a-symptom-of-poor-process,https://www.nexubis.io/post/resentment-is-a-symptom-of-poor-process,live Webflow sitemap; raw Webflow Blog CMS export; final Blog/Sanity manifest,blog_post,published,200,Why Your Team Keeps Messing Up (And How to Fix It),https://nexubis.vercel.app/post/resentment-is-a-symptom-of-poor-process,,2026-07-29T20:51:21.023Z
/post/rethinking-the-nexubis-trial,https://www.nexubis.io/post/rethinking-the-nexubis-trial,live Webflow sitemap; raw Webflow Blog CMS export; final Blog/Sanity manifest,blog_post,published,200,"Nexubis' New and Improved Trial: Real Work, No Commitment, Built for Founders",https://nexubis.vercel.app/post/rethinking-the-nexubis-trial,,2026-07-29T20:51:21.023Z
/post/scale-responsibly,https://www.nexubis.io/post/scale-responsibly,live Webflow sitemap; raw Webflow Blog CMS export; final Blog/Sanity manifest,blog_post,published,200,How to Scale a Company Without Breaking It: Build the Right Team First,https://nexubis.vercel.app/post/scale-responsibly,,2026-07-29T20:51:21.023Z
/post/sell-the-slice-not-the-sauce,https://www.nexubis.io/post/sell-the-slice-not-the-sauce,live Webflow sitemap; raw Webflow Blog CMS export; final Blog/Sanity manifest,blog_post,published,200,From Cold Pitch to Closed Deal: The Psychology Behind Sales That Actually Work,https://nexubis.vercel.app/post/sell-the-slice-not-the-sauce,,2026-07-29T20:51:21.023Z
/post/skip-the-ladder-join-a-startup,https://www.nexubis.io/post/skip-the-ladder-join-a-startup,live Webflow sitemap; raw Webflow Blog CMS export; final Blog/Sanity manifest,blog_post,published,200,Why Working at a Startup Early in Your Career Can 10x Your Growth,https://nexubis.vercel.app/post/skip-the-ladder-join-a-startup,,2026-07-29T20:51:21.023Z
/post/solve-the-boring-problem-first,https://www.nexubis.io/post/solve-the-boring-problem-first,live Webflow sitemap; raw Webflow Blog CMS export; final Blog/Sanity manifest,blog_post,published,200,Why the Most Successful Startups Solve “Boring” Problems,https://nexubis.vercel.app/post/solve-the-boring-problem-first,,2026-07-29T20:51:21.023Z
/post/startups-arent-a-family,https://www.nexubis.io/post/startups-arent-a-family,live Webflow sitemap; raw Webflow Blog CMS export; final Blog/Sanity manifest,blog_post,published,200,"The Lie of ‘We’re a Family’: Why Startups Need Teams, Not Sentiment",https://nexubis.vercel.app/post/startups-arent-a-family,,2026-07-29T20:51:21.023Z
/post/startups-dont-need-more-features,https://www.nexubis.io/post/startups-dont-need-more-features,live Webflow sitemap; raw Webflow Blog CMS export; final Blog/Sanity manifest,blog_post,published,200,"Feature Creep Is Killing Your Product: Why SaaS Teams Need More Discipline, Not More Features",https://nexubis.vercel.app/post/startups-dont-need-more-features,,2026-07-29T20:51:21.023Z
/post/stop-selling-time-start-delivering-value,https://www.nexubis.io/post/stop-selling-time-start-delivering-value,live Webflow sitemap; raw Webflow Blog CMS export; final Blog/Sanity manifest,blog_post,published,200,Why Subscription-Based Creative Beats Hourly Billing,https://nexubis.vercel.app/post/stop-selling-time-start-delivering-value,,2026-07-29T20:51:21.023Z
/post/straight-line-thinking,https://www.nexubis.io/post/straight-line-thinking,live Webflow sitemap; raw Webflow Blog CMS export; final Blog/Sanity manifest,blog_post,published,200,How Great Teams Eliminate Chaos and Move Fast - Without Burning Out,https://nexubis.vercel.app/post/straight-line-thinking,,2026-07-29T20:51:21.023Z
/post/striving-for-culinary-perfection,https://www.nexubis.io/post/striving-for-culinary-perfection,live Webflow sitemap; raw Webflow Blog CMS export; final Blog/Sanity manifest,blog_post,published,200,Business Lessons from a Smash Burger: Why Simplicity Wins,https://nexubis.vercel.app/post/striving-for-culinary-perfection,,2026-07-29T20:51:21.023Z
/post/the-age-of-agi,https://www.nexubis.io/post/the-age-of-agi,live Webflow sitemap; raw Webflow Blog CMS export; final Blog/Sanity manifest,blog_post,published,200,AGI Will Reshape Leadership: Why 2026 Will Break Your Business Model,https://nexubis.vercel.app/post/the-age-of-agi,,2026-07-29T20:51:21.023Z
/post/the-biggest-risk-playing-it-safe,https://www.nexubis.io/post/the-biggest-risk-playing-it-safe,live Webflow sitemap; raw Webflow Blog CMS export; final Blog/Sanity manifest,blog_post,published,200,Why Risk-Taking Drives Business Growth (And Playing It Safe Doesn’t),https://nexubis.vercel.app/post/the-biggest-risk-playing-it-safe,,2026-07-29T20:51:21.023Z
/post/the-builders-will-survive,https://www.nexubis.io/post/the-builders-will-survive,live Webflow sitemap; raw Webflow Blog CMS export; final Blog/Sanity manifest,blog_post,published,200,"AGI Is Here: What Founders, Designers, and Product Leaders Must Do to Survive the Next Wave",https://nexubis.vercel.app/post/the-builders-will-survive,,2026-07-29T20:51:21.023Z
/post/the-butterfly-effect,https://www.nexubis.io/post/the-butterfly-effect,live Webflow sitemap; raw Webflow Blog CMS export; final Blog/Sanity manifest,blog_post,published,200,The Ripple Effect of Early Clients: How Small Decisions Shape Big Growth,https://nexubis.vercel.app/post/the-butterfly-effect,,2026-07-29T20:51:21.023Z
/post/the-cost-of-refusing-to-adapt,https://www.nexubis.io/post/the-cost-of-refusing-to-adapt,raw Webflow Blog CMS export; final Blog/Sanity manifest,blog_post,published,200,The Cost of Refusing to Adapt to AI in Creative Work,https://nexubis.vercel.app/post/the-cost-of-refusing-to-adapt,,2026-07-29T20:51:21.023Z
/post/the-discipline-of-quitting,https://www.nexubis.io/post/the-discipline-of-quitting,live Webflow sitemap; raw Webflow Blog CMS export; final Blog/Sanity manifest,blog_post,published,200,The Discipline of Quitting: Why Smart Founders Know When to Let Go,https://nexubis.vercel.app/post/the-discipline-of-quitting,,2026-07-29T20:51:21.023Z
/post/the-disruption,https://www.nexubis.io/post/the-disruption,live Webflow sitemap; raw Webflow Blog CMS export; final Blog/Sanity manifest,blog_post,published,200,"Figma Sites, AGI, and the Death of Dev Handoff: What’s Coming for Creators by 2027",https://nexubis.vercel.app/post/the-disruption,,2026-07-29T20:51:21.023Z
/post/the-flex-package,https://www.nexubis.io/post/the-flex-package,live Webflow sitemap; raw Webflow Blog CMS export; final Blog/Sanity manifest,blog_post,published,200,"Custom Creative Services for Founders — Flexible, Affordable, Scalable",https://nexubis.vercel.app/post/the-flex-package,,2026-07-29T20:51:21.023Z
/post/the-gold-bar-theory,https://www.nexubis.io/post/the-gold-bar-theory,raw Webflow Blog CMS export; final Blog/Sanity manifest,blog_post,published,200,The Gold Bar Theory: Why Value Alone Doesn’t Drive Action,https://nexubis.vercel.app/post/the-gold-bar-theory,,2026-07-29T20:51:21.023Z
/post/the-legendary-play,https://www.nexubis.io/post/the-legendary-play,live Webflow sitemap; raw Webflow Blog CMS export; final Blog/Sanity manifest,blog_post,published,200,The Secret Third Option: Turning Client Conflict Into Trust,https://nexubis.vercel.app/post/the-legendary-play,,2026-07-29T20:51:21.023Z
/post/the-myth-of-the-perfect-hire,https://www.nexubis.io/post/the-myth-of-the-perfect-hire,live Webflow sitemap; raw Webflow Blog CMS export; final Blog/Sanity manifest,blog_post,published,200,Startup Hiring Strategy: Why Mindset Beats Experience Every Time,https://nexubis.vercel.app/post/the-myth-of-the-perfect-hire,,2026-07-29T20:51:21.023Z
/post/the-new-creative-stack,https://www.nexubis.io/post/the-new-creative-stack,live Webflow sitemap; raw Webflow Blog CMS export; final Blog/Sanity manifest,blog_post,published,200,"The 2025 Creative Stack: Design, Dev, and Delivery in Figma",https://nexubis.vercel.app/post/the-new-creative-stack,,2026-07-29T20:51:21.023Z
/post/the-nexubis-effect,https://www.nexubis.io/post/the-nexubis-effect,raw Webflow Blog CMS export; final Blog/Sanity manifest,blog_post,published,200,Why Scaling Teams Struggle with Delivery - And How Nexubis Fixes It,https://nexubis.vercel.app/post/the-nexubis-effect,,2026-07-29T20:51:21.023Z
/post/the-nexubis-referral-program,https://www.nexubis.io/post/the-nexubis-referral-program,live Webflow sitemap; raw Webflow Blog CMS export; final Blog/Sanity manifest,blog_post,published,200,The Nexubis Referral Program: Earn Lifetime Discounts by Recommending a Service That Delivers,https://nexubis.vercel.app/post/the-nexubis-referral-program,,2026-07-29T20:51:21.023Z
/post/the-personal-belief-vs-ai-paradox,https://www.nexubis.io/post/the-personal-belief-vs-ai-paradox,live Webflow sitemap; raw Webflow Blog CMS export; final Blog/Sanity manifest,blog_post,published,200,Why Prompting Is the New Literacy (And What You're Getting Wrong About AI),https://nexubis.vercel.app/post/the-personal-belief-vs-ai-paradox,,2026-07-29T20:51:21.023Z
/post/the-power-of-linkedin,https://www.nexubis.io/post/the-power-of-linkedin,raw Webflow Blog CMS export; final Blog/Sanity manifest,blog_post,published,200,The Power of LinkedIn: How Showing Up Transforms Your Business,https://nexubis.vercel.app/post/the-power-of-linkedin,,2026-07-29T20:51:21.023Z
/post/the-process-or-people-problem,https://www.nexubis.io/post/the-process-or-people-problem,live Webflow sitemap; raw Webflow Blog CMS export; final Blog/Sanity manifest,blog_post,published,200,How to Fix Team Performance Issues: Process Problem or People Problem?,https://nexubis.vercel.app/post/the-process-or-people-problem,,2026-07-29T20:51:21.023Z
/post/the-secret-third-option,https://www.nexubis.io/post/the-secret-third-option,live Webflow sitemap; raw Webflow Blog CMS export; final Blog/Sanity manifest,blog_post,published,200,What to Do When Both Business Options Suck: How Top Founders Rethink Decisions,https://nexubis.vercel.app/post/the-secret-third-option,,2026-07-29T20:51:21.023Z
/post/the-tech-stack-we-actually-recommend,https://www.nexubis.io/post/the-tech-stack-we-actually-recommend,live Webflow sitemap; raw Webflow Blog CMS export; final Blog/Sanity manifest,blog_post,published,200,The Ultimate Startup Tech Stack: What to Use and What to Avoid in 2025,https://nexubis.vercel.app/post/the-tech-stack-we-actually-recommend,,2026-07-29T20:51:21.023Z
/post/the-walter-mitty-effect,https://www.nexubis.io/post/the-walter-mitty-effect,live Webflow sitemap; raw Webflow Blog CMS export; final Blog/Sanity manifest,blog_post,published,200,The Walter Mitty Effect,https://nexubis.vercel.app/post/the-walter-mitty-effect,,2026-07-29T20:51:21.023Z
/post/the-work-life-balance-lie,https://www.nexubis.io/post/the-work-life-balance-lie,live Webflow sitemap; raw Webflow Blog CMS export; final Blog/Sanity manifest,blog_post,published,200,The Myth of Balance: What No One Tells You About Building a Business,https://nexubis.vercel.app/post/the-work-life-balance-lie,,2026-07-29T20:51:21.023Z
/post/welcome-to-dreamlab,https://www.nexubis.io/post/welcome-to-dreamlab,live Webflow sitemap; raw Webflow Blog CMS export; final Blog/Sanity manifest,blog_post,published,200,"Welcome to Dreamlab: Real Insights from Nexubis on Building, AI & Startups",https://nexubis.vercel.app/post/welcome-to-dreamlab,,2026-07-29T20:51:21.023Z
/post/what-early-stage-founders-spend-way-too-much-time-on,https://www.nexubis.io/post/what-early-stage-founders-spend-way-too-much-time-on,live Webflow sitemap; raw Webflow Blog CMS export; final Blog/Sanity manifest,blog_post,published,200,Stop Wasting Time: Common Mistakes Early-Stage Founders Make,https://nexubis.vercel.app/post/what-early-stage-founders-spend-way-too-much-time-on,,2026-07-29T20:51:21.023Z
/post/when-branding-does-and-doesnt-matter,https://www.nexubis.io/post/when-branding-does-and-doesnt-matter,live Webflow sitemap; raw Webflow Blog CMS export; final Blog/Sanity manifest,blog_post,published,200,Branding vs Visual Identity: Why Most Startups Get It Wrong,https://nexubis.vercel.app/post/when-branding-does-and-doesnt-matter,,2026-07-29T20:51:21.023Z
/post/your-perception-is-your-reality,https://www.nexubis.io/post/your-perception-is-your-reality,live Webflow sitemap; raw Webflow Blog CMS export; final Blog/Sanity manifest,blog_post,published,200,Why Assumptions Kill Good Design (And What to Do Instead),https://nexubis.vercel.app/post/your-perception-is-your-reality,,2026-07-29T20:51:21.023Z
/post/youre-not-ready-for-whats-coming,https://www.nexubis.io/post/youre-not-ready-for-whats-coming,live Webflow sitemap; raw Webflow Blog CMS export; final Blog/Sanity manifest,blog_post,published,200,AI Workflow Automation Is Here: Why Your Tech Stack Won’t Survive 2025,https://nexubis.vercel.app/post/youre-not-ready-for-whats-coming,,2026-07-29T20:51:21.023Z
/scorecard,https://www.nexubis.io/scorecard,static route inventory,static_page,published,404,Not Found,https://nexubis.vercel.app/scorecard,,2026-07-29T20:51:21.023Z
/work,https://www.nexubis.io/work,static route inventory; webflow-export/work.html; live Webflow sitemap,static_page,published,200,Work,https://nexubis.vercel.app/work,,2026-07-29T20:51:21.023Z
/work/altify,https://www.nexubis.io/work/altify,static route inventory; live Webflow sitemap,static_page,published,200,Altify Merger Relaunch | Nexubis,https://nexubis.vercel.app/work/altify,,2026-07-29T20:51:21.023Z
/work/circuit,https://www.nexubis.io/work/circuit,static route inventory; live Webflow sitemap,static_page,published,200,Circuit Rebrand and  Website launch | Nexubis,https://nexubis.vercel.app/work/circuit,,2026-07-29T20:51:21.023Z
/work/oxipack,https://www.nexubis.io/work/oxipack,static route inventory; live Webflow sitemap,static_page,published,200,Oxipack Website Redesign and Rebuild | Nexubis,https://nexubis.vercel.app/work/oxipack,,2026-07-29T20:51:21.023Z
/work/sataya,https://www.nexubis.io/work/sataya,known intentional external-only former/non-route check,intentional_404,not_internal,404,Not Found,https://nexubis.vercel.app/work/sataya,Sataya remains external at https://sataya.io/,2026-07-29T20:51:21.023Z
