webflowTitle,webflowSlug,webflowItemId,sanityId,sanityTitle,mappingMethod,manifestPublishedId
10% Better or Don’t Bother,10-better-or-dont-bother,686cce84fb24ee15a49fb2a5,post-10-better-or-dont-bother,10% Better or Don’t Bother,EXACT_SLUG,post-10-better-or-dont-bother
2025 In Retrospect,2025-in-retrospect,69281d3f3fb8fc1dc7182e0e,post-2025-in-retrospect,2025 In Retrospect,EXACT_SLUG,post-2025-in-retrospect
AI Isn’t Coming — It’s Already Here,ai-isnt-coming-its-already-here,6810d2cd2c41ddcd52793fc9,post-ai-isnt-coming-its-already-here,AI Isn’t Coming — It’s Already Here,EXACT_SLUG,post-ai-isnt-coming-its-already-here
Altify: Empowering Nexubis,altify-empowering-nexubis,68f8bd36cedf970a5599b001,post-altify-empowering-nexubis,Altify: Empowering Nexubis,EXACT_SLUG,post-altify-empowering-nexubis
Automation Is Not the Enemy,automation-is-not-the-enemy,685e4f3784fd1b54eec83717,post-automation-is-not-the-enemy,Automation Is Not the Enemy,EXACT_SLUG,post-automation-is-not-the-enemy
Building Fast vs. Building Right,building-fast-vs-building-right,68271b6450d42d3a1d1db0a9,post-building-fast-vs-building-right,Building Fast vs. Building Right,EXACT_SLUG,post-building-fast-vs-building-right
Building a Leadership Team,building-a-leadership-team,682edcb78e6b58b61083a6d6,post-building-a-leadership-team,Building a Leadership Team,EXACT_SLUG,post-building-a-leadership-team
Circuit: Securing Nexubis,circuit-securing-nexubis,690c582877c4f6829144c3df,post-circuit-securing-nexubis,Circuit: Securing Nexubis,EXACT_SLUG,post-circuit-securing-nexubis
Dick Proves the Agency Stereotype,dick-proves-the-agency-stereotype,6914714d0bedb25ae8dbef69,post-dick-proves-the-agency-stereotype,Dick Proves the Agency Stereotype,EXACT_SLUG,post-dick-proves-the-agency-stereotype
Do Something Useful,do-something-useful,68526e760d4374f1dae904cf,post-do-something-useful,Do Something Useful,EXACT_SLUG,post-do-something-useful
Don’t Be an Idiot Sandwich,dont-be-an-idiot-sandwich,6853bdc395a5a578324f790c,post-dont-be-an-idiot-sandwich,Don’t Be an Idiot Sandwich,EXACT_SLUG,post-dont-be-an-idiot-sandwich
Don’t Turn Into a Robot,dont-turn-into-a-robot,68429cd6cc932b4cc65fdff6,post-dont-turn-into-a-robot,Don’t Turn Into a Robot,EXACT_SLUG,post-dont-turn-into-a-robot
Dragonborn,dragonborn,68302c17add0727e6abd5198,post-dragonborn,Dragonborn,EXACT_SLUG,post-dragonborn
Eat The Rich,eat-the-rich,68511da264f208dd1850a384,post-eat-the-rich,Eat The Rich,EXACT_SLUG,post-eat-the-rich
Empowering Clients,empowering-clients,682aefeb40c52a192b9264c4,post-empowering-clients,Empowering Clients,EXACT_SLUG,post-empowering-clients
Empowering Communities,empowering-communities,6826019fcd01a231fba743f4,post-empowering-communities,Empowering Communities,EXACT_SLUG,post-empowering-communities
Empowering Founders,empowering-founders,67fe88aa85171bbb8e171673,post-empowering-founders,Empowering Founders,EXACT_SLUG,post-empowering-founders
Empowering Teams,empowering-teams,67fe88f83ff9204ce6949834,post-empowering-teams,Empowering Teams,EXACT_SLUG,post-empowering-teams
Empowering Women with Project Flamingo,empowering-women-with-project-flamingo,68c28dc19da6f002757eace9,post-empowering-women-with-project-flamingo,Empowering Women with Project Flamingo,EXACT_SLUG,post-empowering-women-with-project-flamingo
Fire Faster. Promote Faster.,fire-faster-promote-faster,683ffbb9c3a4136811954adf,post-fire-faster-promote-faster,Fire Faster. Promote Faster.,EXACT_SLUG,post-fire-faster-promote-faster
"For Professionals, By Professionals",for-professionals-by-professionals,68760afaf568f7c05a8d4e81,post-for-professionals-by-professionals,"For Professionals, By Professionals",EXACT_SLUG,post-for-professionals-by-professionals
Fresh Out of College… Now What?,fresh-out-of-college-now-what,68775a1f7179b846e324494b,post-fresh-out-of-college-now-what,Fresh Out of College… Now What?,EXACT_SLUG,post-fresh-out-of-college-now-what
Goals vs. Movement,goals-vs-movement,693000ce729f5d848921b47b,post-goals-vs-movement,Goals vs. Movement,EXACT_SLUG,post-goals-vs-movement
How It All Started (and Almost Didn’t),how-it-all-started-and-almost-didnt,680b526e7715c594609cd7bd,post-how-it-all-started-and-almost-didnt,How It All Started (and Almost Didn’t),EXACT_SLUG,post-how-it-all-started-and-almost-didnt
How We Landed on Empowering Dreams,how-we-landed-on-empowering-dreams,67fe8933b3ca8cace4c01d51,post-how-we-landed-on-empowering-dreams,How We Landed on Empowering Dreams,EXACT_SLUG,post-how-we-landed-on-empowering-dreams
How We Work,how-we-work,680b52a167c0710c65e3ce65,post-how-we-work,How We Work,EXACT_SLUG,post-how-we-work
How to not suck at job applications,how-to-not-suck-at-job-applications,698d876f2e86f6fa773b6ce8,post-how-to-not-suck-at-job-applications,How to not suck at job applications,EXACT_SLUG,post-how-to-not-suck-at-job-applications
If It Ain’t Broke… Refine It,if-it-aint-broke-refine-it,685905484ce7516a604a1820,post-if-it-aint-broke-refine-it,If It Ain’t Broke… Refine It,EXACT_SLUG,post-if-it-aint-broke-refine-it
Impact Builds Network,impact-builds-network,69b14ec867d195b44c7fb0fa,post-impact-builds-network,Impact Builds Network,EXACT_SLUG,post-impact-builds-network
Just Do It,just-do-it,69a81c58de5b3d20ea27f6b7,post-just-do-it,Just Do It,EXACT_SLUG,post-just-do-it
Just Start the Damn Thing,just-start-the-damn-thing,68469543f4ae1fb81367e446,post-just-start-the-damn-thing,Just Start the Damn Thing,EXACT_SLUG,post-just-start-the-damn-thing
Keep Firing Yourself,keep-firing-yourself,681dc9a0deecb58c4069b3eb,post-keep-firing-yourself,Keep Firing Yourself,EXACT_SLUG,post-keep-firing-yourself
Keep Firing Yourself (Part 2),keep-firing-yourself-part-2,687a00e1d0f20c91157badd7,post-keep-firing-yourself-part-2,Keep Firing Yourself (Part 2),EXACT_SLUG,post-keep-firing-yourself-part-2
Keep positioning yourself,keep-positioning-yourself,697b0dfe68287603631fae49,post-keep-positioning-yourself,Keep positioning yourself,EXACT_SLUG,post-keep-positioning-yourself
Long-Term Greed,long-term-greed,691ed5babe9d269986701f56,post-long-term-greed,Long-Term Greed,EXACT_SLUG,post-long-term-greed
Make Complex Simple,make-complex-simple,686e1cb50421bb3b409baa83,post-make-complex-simple,Make Complex Simple,EXACT_SLUG,post-make-complex-simple
Make It Memorable,make-it-memorable,6870c46c7ad64f2856835498,post-make-it-memorable,Make It Memorable,EXACT_SLUG,post-make-it-memorable
Manifestation: From Impossible to Probable ,manifestation-from-impossible-to-probable,6836bfc2c1cffc39c87dd8fc,post-manifestation-from-impossible-to-probable,Manifestation: From Impossible to Probable,EXACT_SLUG,post-manifestation-from-impossible-to-probable
Momentum Fever,momentum-fever,698448780baaa6e6947732fe,post-momentum-fever,Momentum Fever,EXACT_SLUG,post-momentum-fever
Most of My Job Sucks,most-of-my-job-sucks,682c5afec7410fa4ae147ce2,post-most-of-my-job-sucks,Most of My Job Sucks,EXACT_SLUG,post-most-of-my-job-sucks
My 1st Biggest Mistake,my-1st-biggest-mistake,699ff3d2aa9256862cef26c7,post-my-1st-biggest-mistake,My 1st Biggest Mistake,EXACT_SLUG,post-my-1st-biggest-mistake
New Year’s Resolutions,new-years-resolutions,69689fd77db8c9434c965fee,post-new-years-resolutions,New Year’s Resolutions,EXACT_SLUG,post-new-years-resolutions
Not Everyone Wants the Gold Bar,not-everyone-wants-the-gold-bar,682d9660ff3931ee70d81476,post-not-everyone-wants-the-gold-bar,Not Everyone Wants the Gold Bar,EXACT_SLUG,post-not-everyone-wants-the-gold-bar
Overcoming Imposter Syndrome,overcoming-imposter-syndrome,68356ec3c71bb6053d3df38e,post-overcoming-imposter-syndrome,Overcoming Imposter Syndrome,EXACT_SLUG,post-overcoming-imposter-syndrome
Oxipack: Funding Nexubis,oxipack-empowering-nexubis,690320bbf71c2ac0475be876,post-oxipack-empowering-nexubis,Oxipack: Funding Nexubis,EXACT_SLUG,post-oxipack-empowering-nexubis
Partnership Over Transaction,partnership-over-transaction,69c4f1f48934888a377ab6f9,post-partnership-over-transaction,Partnership Over Transaction,EXACT_SLUG,post-partnership-over-transaction
Pick Your Battles,pick-your-battles,6874b361803e8ed1fa0eac08,post-pick-your-battles,Pick Your Battles,EXACT_SLUG,post-pick-your-battles
Press Pause,press-pause,683810b018db2c77d4d75b37,post-press-pause,Press Pause,EXACT_SLUG,post-press-pause
Resentment Is a Symptom of Poor Process,resentment-is-a-symptom-of-poor-process,68493b1bbfe1cde8cbc5326a,post-resentment-is-a-symptom-of-poor-process,Resentment Is a Symptom of Poor Process,EXACT_SLUG,post-resentment-is-a-symptom-of-poor-process
Rethinking the Nexubis Trial,rethinking-the-nexubis-trial,6842d1d1d774403e830c74ec,post-rethinking-the-nexubis-trial,Rethinking the Nexubis Trial,EXACT_SLUG,post-rethinking-the-nexubis-trial
Scale Responsibly,scale-responsibly,683ea5b3baf3e30667de8b3f,post-scale-responsibly,Scale Responsibly,EXACT_SLUG,post-scale-responsibly
"Sell the Slice, Not the Sauce",sell-the-slice-not-the-sauce,6847e22358229864a75c77c5,post-sell-the-slice-not-the-sauce,"Sell the Slice, Not the Sauce",EXACT_SLUG,post-sell-the-slice-not-the-sauce
Skip the Ladder. Join a Startup.,skip-the-ladder-join-a-startup,6878b186668a8d31d093dbb6,post-skip-the-ladder-join-a-startup,Skip the Ladder. Join a Startup.,EXACT_SLUG,post-skip-the-ladder-join-a-startup
Solve the Boring Problem First,solve-the-boring-problem-first,685badfda835b2e4e18b76d7,post-solve-the-boring-problem-first,Solve the Boring Problem First,EXACT_SLUG,post-solve-the-boring-problem-first
Startup Time Traps,what-early-stage-founders-spend-way-too-much-time-on,6810d1ed02bfcd52e2eb26dc,post-what-early-stage-founders-spend-way-too-much-time-on,Startup Time Traps,EXACT_SLUG,post-what-early-stage-founders-spend-way-too-much-time-on
Startups Aren’t a Family,startups-arent-a-family,684ad58f655fcdb868ceeec6,post-startups-arent-a-family,Startups Aren’t a Family,EXACT_SLUG,post-startups-arent-a-family
Startups Don’t Need More Features,startups-dont-need-more-features,685a5a0f121681aa8af20746,post-startups-dont-need-more-features,Startups Don’t Need More Features,EXACT_SLUG,post-startups-dont-need-more-features
Stop Selling Time. Start Delivering Value.,stop-selling-time-start-delivering-value,6835c7d0e94d36a3ffe5e9d6,post-stop-selling-time-start-delivering-value,Stop Selling Time. Start Delivering Value.,EXACT_SLUG,post-stop-selling-time-start-delivering-value
Straight Line Thinking,straight-line-thinking,686632c8727d1b718938e015,post-straight-line-thinking,Straight Line Thinking,EXACT_SLUG,post-straight-line-thinking
Striving for “Culinary” Perfection,striving-for-culinary-perfection,68e63c33a82a32db1f6d4349,post-striving-for-culinary-perfection,Striving for “Culinary” Perfection,EXACT_SLUG,post-striving-for-culinary-perfection
The Age of AGI,the-age-of-agi,686396e361c64368e47ba104,post-the-age-of-agi,The Age of AGI,EXACT_SLUG,post-the-age-of-agi
The Biggest Risk? Playing It Safe,the-biggest-risk-playing-it-safe,6839626036984643e53fc251,post-the-biggest-risk-playing-it-safe,The Biggest Risk? Playing It Safe,EXACT_SLUG,post-the-biggest-risk-playing-it-safe
The Builders Will Survive,the-builders-will-survive,6864e28e56b42af592e1d289,post-the-builders-will-survive,The Builders Will Survive,EXACT_SLUG,post-the-builders-will-survive
The Butterfly Effect,the-butterfly-effect,684151392402a3b38ac5d32c,post-the-butterfly-effect,The Butterfly Effect,EXACT_SLUG,post-the-butterfly-effect
The Cost of Refusing to Adapt,the-cost-of-refusing-to-adapt,69d6142be707bad0c9ea2d31,post-the-cost-of-refusing-to-adapt,The Cost of Refusing to Adapt,EXACT_SLUG,post-the-cost-of-refusing-to-adapt
The Discipline of Quitting,the-discipline-of-quitting,68cbe5db61ce9dd20076d1d0,post-the-discipline-of-quitting,The Discipline of Quitting,EXACT_SLUG,post-the-discipline-of-quitting
The Disruption,the-disruption,686b7eec1602c22034e000ed,post-the-disruption,The Disruption,EXACT_SLUG,post-the-disruption
The Flex Package,the-flex-package,684ac0d9d0f8f0e786e1cdce,post-the-flex-package,The Flex Package,EXACT_SLUG,post-the-flex-package
The Gold Bar Theory,the-gold-bar-theory,69ccf70318bb7855b7239b32,post-the-gold-bar-theory,The Gold Bar Theory,EXACT_SLUG,post-the-gold-bar-theory
The Legendary Play ,the-legendary-play,68baa68029c3c2373f522f03,post-the-legendary-play,The Legendary Play,EXACT_SLUG,post-the-legendary-play
The Myth of the Perfect Hire,the-myth-of-the-perfect-hire,684a855ca536e115235e3f09,post-the-myth-of-the-perfect-hire,The Myth of the Perfect Hire,EXACT_SLUG,post-the-myth-of-the-perfect-hire
The New Creative Stack,the-new-creative-stack,685cfbcb675162f3a735bf4d,post-the-new-creative-stack,The New Creative Stack,EXACT_SLUG,post-the-new-creative-stack
The Nexubis Effect,the-nexubis-effect,6971daa9ce78f08f43d49319,post-the-nexubis-effect,The Nexubis Effect,EXACT_SLUG,post-the-nexubis-effect
The Nexubis Referral Program,the-nexubis-referral-program,6835c68d4ae314b5e9e88036,post-the-nexubis-referral-program,The Nexubis Referral Program,EXACT_SLUG,post-the-nexubis-referral-program
The Personal Belief vs. AI Paradox,the-personal-belief-vs-ai-paradox,686792cbd2ba0b524cf0c218,post-the-personal-belief-vs-ai-paradox,The Personal Belief vs. AI Paradox,EXACT_SLUG,post-the-personal-belief-vs-ai-paradox
The Power of LinkedIn,the-power-of-linkedin,69946dd1c7250983b5fac0d1,post-the-power-of-linkedin,The Power of LinkedIn,EXACT_SLUG,post-the-power-of-linkedin
The Process or People Problem,the-process-or-people-problem,682d7f339b62d6eff8077706,post-the-process-or-people-problem,The Process or People Problem,EXACT_SLUG,post-the-process-or-people-problem
The Secret Third Option,the-secret-third-option,683d588ce49a942dc2f06813,post-the-secret-third-option,The Secret Third Option,EXACT_SLUG,post-the-secret-third-option
The Tech Stack We Actually Recommend,the-tech-stack-we-actually-recommend,681b5d05bd06624aabde572e,post-the-tech-stack-we-actually-recommend,The Tech Stack We Actually Recommend,EXACT_SLUG,post-the-tech-stack-we-actually-recommend
The Walter Mitty Effect,the-walter-mitty-effect,68df949f7cd8259bb423f9e8,post-the-walter-mitty-effect,The Walter Mitty Effect,EXACT_SLUG,post-the-walter-mitty-effect
The Work-Life Balance Lie,the-work-life-balance-lie,68247a01074c1d53509d640d,post-the-work-life-balance-lie,The Work-Life Balance Lie,EXACT_SLUG,post-the-work-life-balance-lie
Welcome to Dreamlab,welcome-to-dreamlab,6810cee36b328a35c48a3821,post-welcome-to-dreamlab,Welcome to Dreamlab,EXACT_SLUG,post-welcome-to-dreamlab
When Branding Does (and Doesn’t) Matter,when-branding-does-and-doesnt-matter,682346937fac2c4ad34e35a5,post-when-branding-does-and-doesnt-matter,When Branding Does (and Doesn’t) Matter,EXACT_SLUG,post-when-branding-does-and-doesnt-matter
Your Perception Is Your Reality,your-perception-is-your-reality,686f79e2cea80ad78370a4a3,post-your-perception-is-your-reality,Your Perception Is Your Reality,EXACT_SLUG,post-your-perception-is-your-reality
You’re Not Ready for What’s Coming,youre-not-ready-for-whats-coming,68623d0f514e7f12ec8ac6e6,post-youre-not-ready-for-whats-coming,You’re Not Ready for What’s Coming,EXACT_SLUG,post-youre-not-ready-for-whats-coming
Beyond the €30 000 ,beyond-the-eu30-000,69e9d9a6043bbdb6fd55f3a1,post-beyond-the-eu30-000,Beyond the €30 000 ,EXACT_SLUG,post-beyond-the-eu30-000
Metamorphosis,metamorphosis,69fb430693c9c0b3e8666492,post-metamorphosis,Metamorphosis,EXACT_SLUG,post-metamorphosis
AI Is Not a Phase. It's an Era.,ai-is-not-a-phase-its-an-era,6a1435c31c6b9c55f689c7b6,post-ai-is-not-a-phase-its-an-era,AI Is Not a Phase. It's an Era.,EXACT_SLUG,post-ai-is-not-a-phase-its-an-era
